,ours,rng,max_qty,unif_ratio,o2o,o2m
0,24.862313139260426,24.311565696302125,24.626278520849723,24.626278520849723,24.547600314712824,0.0
1,54.96098104793757,32.55295429208473,33.66778149386845,33.66778149386845,36.34336677814939,33.44481605351171
2,75.0,36.29385964912281,36.18421052631579,37.06140350877193,0.0,3.508771929824561
3,61.99756394640682,0.0,23.142509135200974,22.77710109622412,0.0,0.0
4,59.23009623797025,18.547681539807524,23.184601924759406,23.35958005249344,25.721784776902886,25.721784776902886
