,rng,geq_avg_acc,max_acc
0,16.734143049932523,39.294926913155635,32.253711201079625
1,10.358565737051793,0.0,46.431642304385214
2,34.382376081825335,28.932038834951456,0.0
3,39.35340022296544,38.47364280094414,28.25242718446602
4,45.934065934065934,24.63768115942029,46.02675059008654
5,37.8345498783455,52.527472527472526,24.526198439241917
6,8.041958041958042,47.44525547445255,51.64835164835165
7,,28.234265734265733,47.44525547445255
8,,,28.321678321678323
