,rng,geq_avg_acc,max_acc
0,83.11803699768087,59.63732051255551,39.56344951180533
