,ours,rng,max_qty,unif_ratio,o2o,o2m
0,32.280431432973806,31.97226502311248,32.58859784283513,32.58859784283513,31.35593220338983,0.0
1,34.701492537313435,58.30223880597015,34.235074626865675,34.235074626865675,67.16417910447761,36.007462686567166
2,46.94881889763779,18.700787401574804,0.0,0.0,47.04724409448819,0.1968503937007874
3,41.07402031930334,0.0,0.0,0.0,56.45863570391872,11.901306240928882
4,57.08289611752361,11.017838405036725,10.388247639034628,10.388247639034628,10.598111227701994,10.703043022035677
