,ours,rng,max_qty,unif_ratio,o2o,o2m
0,57.68955243688121,95.62184223273673,95.62184223273673,95.62184223273673,18.52940585844614,74.11762343378456
