,rng,geq_avg_acc,max_acc
0,96.192625393665,96.46466544562281,40.41528757137298
