,ours,rng,max_qty,unif_ratio,o2o,o2m
0,57.50232991612302,0.0,5.964585274930102,28.518173345759553,57.50232991612302,36.90587138863001
1,65.46610169491525,0.0,8.792372881355933,29.13135593220339,65.57203389830508,3.8135593220338984
2,28.418803418803417,26.13960113960114,0.0,0.0,42.37891737891738,41.31054131054131
3,70.21943573667711,69.90595611285266,66.98014629049112,67.816091954023,70.11494252873563,36.1546499477534
4,0.0,16.895874263261298,0.0,10.11787819253438,26.12966601178782,0.0
