,ours,rng,max_qty,unif_ratio,o2o,o2m
0,32.81972265023113,31.587057010785824,31.741140215716488,31.664098613251156,31.20184899845917,0.0
1,35.541044776119406,61.100746268656714,34.42164179104478,34.42164179104478,67.81716417910448,38.33955223880597
2,46.06299212598425,16.830708661417322,0.0,0.0,47.04724409448819,0.2952755905511811
3,37.30043541364296,0.0,0.0,0.0,0.0,9.433962264150944
4,55.08919202518363,11.017838405036725,10.49317943336831,10.49317943336831,40.81846799580273,10.703043022035677
