,ours,rng,max_qty,unif_ratio,o2o,o2m
0,62.043010752688176,37.956989247311824,60.32258064516129,59.354838709677416,61.72043010752688,8.064516129032258
1,23.91523713420787,29.96972754793138,26.63975782038345,40.26236125126135,29.667003027245208,46.01412714429869
2,63.45256609642302,25.972006220839813,50.69984447900467,59.72006220839813,63.45256609642302,0.0
3,56.48075412411626,41.71249018067557,59.1516103692066,62.6865671641791,0.0,0.0
4,29.428571428571427,0.2857142857142857,27.857142857142858,25.857142857142858,27.714285714285715,18.857142857142858
