,rng,geq_avg_acc,max_acc
0,97.4798703013983,92.28118691713304,38.03307117958575
