,ours,rng,max_qty,unif_ratio,o2o,o2m
0,34.65739821251241,34.955312810327705,34.35948361469712,34.26017874875869,35.05461767626614,17.775571002979145
1,67.68236380424746,0.0,83.84118190212374,92.5207756232687,67.7746999076639,68.88273314866113
2,73.26139088729016,37.76978417266187,63.069544364508396,70.26378896882494,22.901678657074342,74.58033573141486
3,41.973094170403584,0.0,39.10313901345292,39.28251121076233,40.98654708520179,0.0
4,40.36598493003229,1.2917115177610334,40.15069967707212,40.04305705059203,0.0,53.06781485468245
