,ours,rng,max_qty,unif_ratio,o2o,o2m
0,24.626278520849723,24.390243902439025,24.704956726986623,24.940991345397325,24.547600314712824,0.0
1,32.32998885172798,33.11036789297659,33.66778149386845,33.66778149386845,36.34336677814939,33.55629877369008
2,75.0,34.42982456140351,35.96491228070175,35.74561403508772,0.0,6.469298245614035
3,62.119366626065776,0.0,23.142509135200974,22.655298416565163,0.0,0.0
4,59.492563429571305,15.135608048993875,22.484689413823272,23.184601924759406,25.721784776902886,25.721784776902886
