,rng,geq_avg_acc,max_acc
0,73.61472188130611,63.519331149469586,39.56344951180533
