,rng,geq_avg_acc,max_acc
0,0.0,48.13979706877114,21.86234817813765
1,24.626278520849723,0.15735641227380015,77.96901893287435
2,33.55629877369008,51.17056856187291,48.365276211950395
3,19.18859649122807,22.916666666666668,39.82035928143713
4,0.0,24.238733252131546,24.311565696302125
5,0.0,0.0,33.66778149386845
6,,,41.55701754385965
7,,,25.578562728380025
8,,,25.721784776902886
