,ours,rng,max_qty,unif_ratio,o2o,o2m,source
0,60.20503261882572,0.0,2.7027027027027026,36.34669151910531,34.762348555452,66.26281453867661,98.11965811965813
1,68.75,0.211864406779661,6.1440677966101696,23.305084745762713,68.75,68.11440677966101,99.08151549942595
2,32.24199288256228,31.95729537366548,0.0,0.0,34.44839857651245,25.26690391459075,98.12981298129813
3,65.30825496342737,65.30825496342737,64.15882967607105,64.78578892371996,65.72622779519331,16.50992685475444,99.23444976076556
4,28.388998035363457,30.74656188605108,0.19646365422396855,15.12770137524558,63.948919449901766,34.282907662082515,99.88888888888889
