,ours,rng,max_qty,unif_ratio,o2o,o2m,source
0,31.432973805855163,31.35593220338983,31.432973805855163,31.432973805855163,31.664098613251156,0.0,97.13656387665198
1,47.667910447761194,60.634328358208954,33.208955223880594,33.208955223880594,65.29850746268657,36.19402985074627,99.2133726647001
2,18.208661417322833,3.3464566929133857,0.0,0.0,32.775590551181104,0.0,97.24867724867725
3,62.989840348330915,0.0,0.0,0.0,65.31204644412192,0.0,97.80952380952381
4,66.94648478488982,33.68310598111228,33.15844700944386,33.15844700944386,31.899265477439663,33.36831059811123,97.97225186766275
