,rng,psi-fl,psi-gan
0,81.54584762652276,81.54584762652276,81.54584762652276
