,rng,geq_avg_acc,max_acc
0,95.56108419621965,78.82553441819111,38.03307117958575
