,ours,rng,max_qty,unif_ratio,o2o,o2m
0,67.34854445318646,24.704956726986623,24.940991345397325,24.940991345397325,68.60739575137687,25.570416994492525
1,34.002229654403564,33.44481605351171,34.002229654403564,34.002229654403564,34.002229654403564,34.002229654403564
2,75.87719298245614,30.04385964912281,33.66228070175438,34.978070175438596,75.87719298245614,75.87719298245614
3,25.94397076735688,0.0,20.828258221680876,22.168087697929355,25.94397076735688,19.00121802679659
4,25.984251968503937,6.47419072615923,20.384951881014874,21.872265966754156,0.0,33.1583552055993
