,rng,geq_avg_acc,max_acc
0,95.56108419621965,80.22581998747215,39.56344951180533
