,ours,rng,max_qty,unif_ratio,o2o,o2m,gan
0,19.272451427758448,95.62184223273673,95.62184223273673,95.62184223273673,18.52940585844614,18.52940585844614,95.62184223273673
