,rng,geq_avg_acc,max_acc
0,48.70349492671928,48.47801578354002,21.997300944669366
1,24.626278520849723,0.0,78.05507745266782
2,68.33890746934225,24.626278520849723,48.70349492671928
3,0.10964912280701754,34.002229654403564,39.920159680638726
4,0.1218026796589525,22.25877192982456,24.783634933123526
5,25.89676290463692,0.1218026796589525,34.002229654403564
6,,25.89676290463692,41.8859649122807
7,,,25.94397076735688
8,,,25.984251968503937
