,ours,rng,max_qty,unif_ratio,o2o,o2m,source
0,34.30107526881721,32.1505376344086,55.053763440860216,55.913978494623656,34.40860215053763,30.0,98.89502762430939
1,32.92929292929293,32.121212121212125,33.63636363636363,57.17171717171717,32.72727272727273,31.515151515151516,97.3753280839895
2,51.32192846034214,30.171073094867808,55.52099533437014,64.85225505443235,0.0,54.74339035769829,99.04076738609113
3,61.42969363707777,34.56402199528672,74.78397486252946,88.05970149253731,0.0,0.0,98.78048780487805
4,29.814550641940084,25.82025677603424,50.35663338088445,54.77888730385164,30.527817403708987,27.81740370898716,97.20670391061452
