,ours,rng,max_qty,unif_ratio,o2o,o2m,source
0,33.30708661417323,32.99212598425197,33.30708661417323,33.30708661417323,33.22834645669291,0.0,97.16599190283401
1,31.29175946547884,25.389755011135858,31.403118040089087,31.403118040089087,35.077951002227174,31.403118040089087,98.71023215821153
2,66.8496158068057,27.991218441273325,29.967069154774972,29.747530186608124,0.0,8.45225027442371,99.43630214205186
3,66.1388550548112,23.629719853836786,61.26674786845311,63.21559074299635,30.450669914738125,30.328867235079173,99.41690962099125
4,63.72377622377623,17.91958041958042,58.04195804195804,59.7027972027972,32.51748251748252,32.51748251748252,99.70089730807577
