,ours,rng,max_qty,unif_ratio,o2o,o2m,source
0,58.432539682539684,65.37698412698413,67.26190476190476,67.7579365079365,35.317460317460316,40.476190476190474,99.62871287128714
1,66.29732225300093,0.0,94.92151431209604,96.86057248384118,66.20498614958449,66.85133887349954,98.13186813186813
2,54.196642685851316,34.172661870503596,64.02877697841727,65.46762589928058,66.18705035971223,66.54676258992805,99.90850869167429
3,65.38116591928251,0.0,32.91479820627803,32.37668161434978,65.47085201793722,30.044843049327355,98.29383886255924
4,66.12903225806451,2.903225806451613,32.473118279569896,32.58064516129032,0.0,51.72043010752688,96.03960396039604
