,ours,rng,max_qty,unif_ratio,o2o,o2m
0,28.14538676607642,1.30475302889096,0.8387698042870456,42.311276794035415,28.704566635601118,33.45759552656104
1,67.47881355932203,0.0,0.9533898305084746,24.68220338983051,67.37288135593221,13.877118644067796
2,28.846153846153847,28.703703703703702,0.0,0.0,45.51282051282051,44.515669515669515
3,71.57784743991641,71.36886102403344,71.15987460815047,71.47335423197492,71.68234064785788,39.916405433646815
4,27.01375245579568,22.20039292730845,0.09823182711198428,23.968565815324165,72.69155206286837,0.0
