,rng,geq_avg_acc,max_acc
0,73.61472188130611,64.35073023671515,39.56344951180533
