,rng,geq_avg_acc,max_acc
0,95.62184223273673,82.69770019362801,40.41528757137298
