,ours,rng,max_qty,unif_ratio,o2o,o2m
0,48.07569985349014,91.5497012353303,95.62184223273673,95.62184223273673,18.52940585844614,55.58821757533842
