,rng,psi-fl,psi-gan
0,97.4798703013983,97.4798703013983,97.4798703013983
