,rng,geq_avg_acc,max_acc
0,33.44334433443344,0.0,17.60683760683761
1,16.172248803827753,34.433443344334435,0.0
2,29.356943150046597,28.89952153110048,35.64356435643565
3,31.991525423728813,0.0,28.038277511961724
4,23.575498575498575,34.639830508474574,27.86579683131407
5,65.51724137931035,36.53846153846154,95.12711864406779
6,0.0,0.0,37.89173789173789
7,,0.0,40.6478578892372
8,,,16.404715127701376
