,rng,geq_avg_acc,max_acc
0,63.519331149469586,82.10543169727772,37.52987367660755
