,rng,geq_avg_acc,max_acc
0,83.11803699768087,63.681286085958355,38.2691549863334
