,rng,geq_avg_acc,max_acc
0,41.07929515418502,22.01058201058201,33.95669291338583
1,29.34898612593383,46.857142857142854,46.87830687830688
2,70.49306625577812,49.41302027748132,43.42857142857143
3,24.813432835820894,76.42526964560862,57.52401280683031
4,25.885826771653544,25.37313432835821,52.92758089368259
5,21.190130624092888,70.86614173228347,34.235074626865675
6,41.76285414480588,9.143686502177069,23.62204724409449
7,,9.024134312696747,9.288824383164005
8,,,9.338929695697797
