,rng,geq_avg_acc,max_acc
0,73.61472188130611,64.23064345042036,39.56344951180533
