,rng,geq_avg_acc,max_acc
0,95.62184223273673,65.28608194817619,40.41528757137298
