,rng,geq_avg_acc,max_acc
0,83.11803699768087,60.0631055416075,37.52987367660755
