,ours,rng,max_qty,unif_ratio,o2o,o2m
0,71.1864406779661,38.82896764252696,79.12172573189522,75.19260400616332,52.92758089368259,53.62095531587057
1,24.347014925373134,35.634328358208954,44.86940298507463,42.07089552238806,25.46641791044776,49.34701492537314
2,44.98031496062992,28.1496062992126,40.74803149606299,40.354330708661415,25.393700787401574,28.838582677165356
3,0.29027576197387517,9.57910014513788,0.0,0.0,57.03918722786647,8.272859216255442
4,9.548793284365162,13.955928646379853,10.49317943336831,10.49317943336831,10.703043022035677,18.048268625393494
