,rng,geq_avg_acc,max_acc
0,21.45748987854251,21.322537112010796,21.45748987854251
1,87.22554890219561,47.91431792559188,77.28055077452667
2,41.778127458693945,68.6626746506986,47.91431792559188
3,33.8907469342252,24.704956726986623,39.221556886227546
4,71.9298245614035,51.83946488294314,24.154209284028322
5,25.33495736906212,41.33771929824562,59.643255295429206
6,95.18810148731409,25.33495736906212,40.78947368421053
7,,25.37182852143482,24.96954933008526
8,,,25.37182852143482
