,rng,geq_avg_acc,max_acc
0,95.62184223273673,96.46466544562281,38.03307117958575
