,rng,geq_avg_acc,max_acc
0,30.87912087912088,69.43069306930693,61.633663366336634
1,94.43892750744787,36.043956043956044,45.38461538461539
2,27.331486611265003,62.66137040714995,36.596523330283624
3,37.170263788968825,27.331486611265003,0.0
4,59.55156950672646,36.930455635491604,93.64448857994041
5,17.761033369214207,57.130044843049326,27.42382271468144
6,,39.181916038751346,37.29016786570743
7,,,59.55156950672646
8,,,39.181916038751346
