,ours,rng,max_qty,unif_ratio,o2o,o2m
0,60.645161290322584,12.688172043010752,47.204301075268816,25.913978494623656,12.365591397849462,50.86021505376344
1,0.0,0.10090817356205853,12.008072653884964,11.301715438950556,28.456104944500506,22.805247225025226
2,40.90202177293935,59.25349922239502,53.810264385692065,54.43234836702955,53.18818040435459,54.89891135303266
3,67.16417910447761,82.24666142969363,77.37627651217596,81.38256087981146,0.0,79.02592301649646
4,27.714285714285715,26.142857142857142,37.285714285714285,40.42857142857143,47.142857142857146,43.57142857142857
