,ours,rng,max_qty,unif_ratio,o2o,o2m
0,28.05219012115564,67.00838769804287,27.399813606710158,35.60111835973905,67.28797763280522,60.39142590866729
1,95.23305084745763,3.2838983050847457,47.563559322033896,50.529661016949156,95.12711864406779,41.63135593220339
2,37.89173789173789,26.28205128205128,19.23076923076923,26.70940170940171,41.80911680911681,40.95441595441596
3,40.6478578892372,31.34796238244514,43.15569487983281,52.56008359456635,0.0,68.54754440961338
4,15.913555992141454,0.0,6.18860510805501,7.956777996070727,0.0,0.0
