,ours,rng,max_qty,unif_ratio,o2o,o2m
0,94.43892750744787,84.40913604766634,93.74379344587885,94.240317775571,93.64448857994041,95.13406156901688
1,48.93813481071099,46.99907663896584,43.120960295475534,37.580794090489384,0.0,39.4275161588181
2,40.16786570743405,36.930455635491604,38.36930455635492,37.29016786570743,36.810551558753,37.05035971223022
3,61.0762331838565,59.91031390134529,60.80717488789238,60.80717488789238,60.35874439461883,61.16591928251121
4,54.251883745963404,35.73735199138859,38.966630785791175,50.16146393972013,0.0,57.05059203444564
