,rng,geq_avg_acc,max_acc
0,96.46466544562281,38.2691549863334,38.2691549863334
