,ours,rng,max_qty,unif_ratio,o2o,o2m
0,59.95279307631786,50.27537372147915,37.52950432730134,32.02202989771833,60.89693154996066,0.0
1,32.887402452619845,33.66778149386845,46.15384615384615,44.3701226309922,59.643255295429206,33.8907469342252
2,88.04824561403508,41.776315789473685,63.26754385964912,55.48245614035088,60.85526315789474,35.19736842105263
3,90.2557856272838,34.59196102314251,62.72838002436053,52.496954933008524,24.96954933008526,25.700365408038977
4,90.90113735783027,70.07874015748031,69.37882764654418,64.56692913385827,25.809273840769904,25.37182852143482
