,ours,rng,max_qty,unif_ratio,o2o,o2m
0,95.62184223273673,91.5497012353303,95.62184223273673,95.62184223273673,18.52940585844614,92.6470292922307
