,rng,geq_avg_acc,max_acc
0,95.62184223273673,64.23064345042036,38.2691549863334
