,ours,rng,max_qty,unif_ratio,o2o,o2m
0,25.30941180468455,95.62184223273673,95.62184223273673,95.62184223273673,18.52940585844614,37.05881171689228
