,rng,geq_avg_acc,max_acc
0,7.642626480086114,22.57217847769029,22.747156605424323
1,27.704752275025278,22.20888355342137,29.891956782713084
2,16.770186335403725,33.90243902439025,51.21951219512195
3,32.67871170463472,28.417653390742736,50.726256983240226
4,38.57142857142857,20.525783619817997,37.78256189451022
5,,20.18633540372671,25.88473205257836
6,,27.808326787117046,21.11801242236025
7,,34.714285714285715,32.12882953652789
8,,,36.0
