,rng,geq_avg_acc,max_acc
0,63.519331149469586,81.83821263883418,37.52987367660755
