,rng,geq_avg_acc,max_acc
0,83.11803699768087,61.25290983260451,38.03307117958575
