,rng,geq_avg_acc,max_acc
0,96.96006573229278,83.11803699768087,40.41528757137298
