,ours,rng,max_qty,unif_ratio,o2o,o2m,gan
0,22.471097629552702,95.62184223273673,95.62184223273673,95.62184223273673,18.52940585844614,78.12218927638568,95.62184223273673
