,rng,psi-fl,psi-gan
0,81.54584762652276,96.96006573229278,63.519331149469586
