,ours,rng,max_qty,unif_ratio,o2o,o2m,gan
0,63.72259164339585,95.62184223273673,95.62184223273673,95.62184223273673,18.52940585844614,74.11762343378456,95.62184223273673
