,ours,rng,max_qty,unif_ratio,o2o,o2m,gan
0,46.256071801993436,95.62184223273673,95.62184223273673,95.62184223273673,18.52940585844614,55.58821757533841,95.62184223273673
