,ours,rng,max_qty,unif_ratio,o2o,o2m,gan
0,21.859571851657094,95.62184223273673,95.62184223273673,95.62184223273673,18.52940585844614,75.03882024173589,95.62184223273673
