,ours,rng,max_qty,unif_ratio,o2o,o2m,gan
0,20.036107530887644,95.62184223273673,95.62184223273673,95.62184223273673,18.52940585844614,70.2231117942127,95.62184223273673
