,rng,psi-fl,psi-gan
0,81.54584762652276,97.4798703013983,96.96006573229278
