,rng,psi-fl,psi-gan
0,83.31420816938078,95.62184223273673,96.192625393665
