,rng,psi-fl,psi-gan
0,95.62184223273673,95.62184223273673,95.56108419621965
