,rng,psi-fl,psi-gan
0,95.62184223273673,66.25228041843587,95.62184223273673
