,ours,rng,max_qty,unif_ratio,o2o,o2m,gan
0,25.606138743113988,92.5104160031497,95.62184223273673,95.62184223273673,18.52940585844614,32.99302013749571,95.62184223273673
