,rng,geq_avg_acc,max_acc
0,83.11803699768087,63.03097401836671,37.52987367660755
