,rng,psi-fl,psi-gan
0,95.62184223273673,82.10543169727772,95.62184223273673
