,rng,geq_avg_acc,max_acc
0,25.824175824175825,0.0,20.668316831683168
1,20.953326713008938,33.90151515151515,0.0
2,73.13019390581718,34.65739821251241,0.0
3,36.45083932853717,22.068328716528164,40.02478314745973
4,0.08968609865470852,21.46282973621103,17.477656405163852
5,47.255113024757804,34.26008968609865,21.97599261311173
6,,50.69967707212056,22.54196642685851
7,,,0.0
8,,,51.1302475780409
