,rng,geq_avg_acc,max_acc
0,0.9911894273127754,0.0,0.0
1,34.3649946638207,0.0,18.41269841269841
2,0.0,34.898612593383135,0.0
3,32.36940298507463,0.0,33.72465314834579
4,0.0,0.0,0.0
5,0.0,47.04724409448819,0.0
6,56.24344176285415,0.0,25.885826771653544
7,,10.912906610703043,0.0
8,,,10.703043022035677
