,rng,psi-fl,psi-gan
0,95.62184223273673,95.62184223273673,81.54584762652276
