,rng,geq_avg_acc,max_acc
0,28.382838283828384,0.0,0.0
1,18.373205741626794,28.382838283828384,47.30473047304731
2,40.72693383038211,45.07177033492823,50.90909090909091
3,28.389830508474578,28.611369990680334,0.0
4,5.484330484330484,0.0,28.797763280521902
5,38.45350052246604,28.34757834757835,0.0
6,16.50294695481336,38.03552769070011,0.0
7,,26.424361493123772,38.557993730407524
8,,,26.424361493123772
