,rng,geq_avg_acc,max_acc
0,83.11803699768087,64.64217717990837,37.52987367660755
