,ours,rng,max_qty,unif_ratio,o2o,o2m
0,32.5115562403698,32.357473035439135,32.973805855161785,33.05084745762712,53.46687211093991,33.898305084745765
1,34.88805970149254,59.14179104477612,32.83582089552239,32.742537313432834,0.0,35.541044776119406
2,44.78346456692913,8.759842519685039,0.0,0.0,0.0,19.881889763779526
3,38.31640058055152,0.0,0.0,0.0,41.21915820029027,7.402031930333817
4,55.9286463798531,10.912906610703043,10.283315844700944,10.283315844700944,40.398740818468,10.703043022035677
