,rng,geq_avg_acc,max_acc
0,83.11803699768087,63.03097401836671,38.03307117958575
