,rng,psi-fl,psi-gan
0,83.31420816938078,83.31420816938078,83.31420816938078
