,rng,geq_avg_acc,max_acc
0,73.61472188130611,64.64217717990837,37.52987367660755
