,rng,psi-fl,psi-gan
0,97.4798703013983,63.519331149469586,95.62184223273673
