,rng,geq_avg_acc,max_acc
0,95.62184223273673,82.12711093429502,39.56344951180533
