,rng,geq_avg_acc,max_acc
0,15.568862275449101,0.0,21.86234817813765
1,24.390243902439025,19.59087332808812,77.53872633390705
2,34.002229654403564,12.040133779264215,48.252536640360766
3,19.846491228070175,0.0,39.920159680638726
4,37.393422655298416,37.14981729598051,24.547600314712824
5,0.0,68.85389326334209,33.44481605351171
6,,,41.8859649122807
7,,,25.94397076735688
8,,,25.809273840769904
