,ours,rng,max_qty,unif_ratio,o2o,o2m
0,16.18669314796425,34.061569016881826,33.664349553128105,33.664349553128105,17.576961271102284,1.0923535253227408
1,67.86703601108033,0.0,83.65650969529086,91.68975069252078,76.73130193905817,61.126500461680514
2,73.98081534772182,37.52997601918465,64.74820143884892,71.34292565947243,36.21103117505995,72.54196642685851
3,41.25560538116592,0.0,38.29596412556054,39.10313901345292,0.0,2.3318385650224216
4,36.38320775026911,0.10764262648008611,39.720129171151775,39.82777179763186,51.1302475780409,39.82777179763186
