,ours,rng,max_qty,unif_ratio,o2o,o2m
0,57.595526561043805,8.014911463187325,8.760484622553587,36.34669151910531,57.688723205964585,33.73718546132339
1,60.27542372881356,0.0,12.711864406779661,37.07627118644068,0.0,13.029661016949152
2,40.66951566951567,25.997150997150996,0.0,0.4985754985754986,42.30769230769231,41.59544159544159
3,68.23406478578892,69.07001044932079,63.42737722048067,66.03970741901776,70.3239289446186,35.214211076280044
4,21.709233791748527,15.029469548133596,0.19646365422396855,12.475442043222005,0.0,0.0
