,rng,geq_avg_acc,max_acc
0,32.658569500674766,0.0,0.0
1,29.2123629112662,0.0,0.0
2,60.70866141732284,28.861330326944756,32.807215332581734
3,4.008908685968819,0.0,30.806608357628765
4,0.0,41.75946547884187,0.0
5,29.84165651644336,65.09330406147092,34.4097995545657
6,0.0,65.52984165651644,66.19099890230515
7,,63.98601398601399,65.6516443361754
8,,,63.98601398601399
