,ours,rng,max_qty,unif_ratio,o2o,o2m
0,61.18279569892473,39.89247311827957,59.354838709677416,58.38709677419355,62.58064516129032,0.0
1,23.713420787083752,29.96972754793138,24.520686175580224,29.36427850655903,45.0050454086781,22.805247225025226
2,63.45256609642302,48.83359253499222,53.810264385692065,61.11975116640747,0.0,62.67496111975117
3,56.71641791044776,46.661429693637075,50.74626865671642,37.941869599371564,57.18774548311076,0.0
4,29.285714285714285,2.0,16.857142857142858,4.428571428571429,30.571428571428573,38.0
