,rng,geq_avg_acc,max_acc
0,96.96006573229278,83.31420816938078,40.41528757137298
