,rng,geq_avg_acc,max_acc
0,83.11803699768087,60.778546276477684,39.56344951180533
