,ours,rng,max_qty,unif_ratio,o2o,o2m
0,24.390243902439025,23.446105428796223,24.704956726986623,24.783634933123526,30.841856805664833,32.808811959087336
1,33.11036789297659,28.205128205128204,33.8907469342252,33.8907469342252,35.785953177257525,34.002229654403564
2,74.45175438596492,37.828947368421055,40.35087719298246,39.80263157894737,23.026315789473685,74.45175438596492
3,62.85018270401949,32.39951278928137,56.1510353227771,57.369062119366625,37.880633373934224,80.38976857490864
4,60.27996500437445,13.035870516185478,54.15573053368329,56.43044619422572,25.809273840769904,80.92738407699038
