,ours,rng,max_qty,unif_ratio,o2o,o2m
0,28.449768116701016,95.62184223273673,95.62184223273673,95.62184223273673,18.52940585844614,37.05881171689228
