,rng,geq_avg_acc,max_acc
0,59.67741935483871,2.6519337016574585,37.4585635359116
1,29.96972754793138,9.390243902439025,33.77077865266842
2,63.763608087091754,62.58064516129032,0.0
3,33.935585231736056,27.850655903128153,0.0
4,0.0,0.0,62.58064516129032
5,,14.454045561665357,29.868819374369323
6,,29.0,0.0
7,,,0.0
8,,,44.142857142857146
