,rng,geq_avg_acc,max_acc
0,97.4798703013983,93.8222026558876,38.03307117958575
