,rng,geq_avg_acc,max_acc
0,95.62184223273673,96.96006573229278,40.41528757137298
