,rng,psi-fl,psi-gan
0,83.31420816938078,96.96006573229278,97.4798703013983
