,ours,rng,max_qty,unif_ratio,o2o,o2m,gan
0,20.220670081509823,95.62184223273673,95.62184223273673,95.62184223273673,18.52940585844614,47.93120403068578,95.62184223273673
