,ours,rng,max_qty,unif_ratio,o2o,o2m,gan
0,22.93144104152546,91.31398671581982,95.62184223273673,95.62184223273673,18.52940585844614,67.38180669708325,95.62184223273673
