,ours,rng,max_qty,unif_ratio,o2o,o2m,gan
0,18.411876156341844,95.62184223273673,95.62184223273673,95.62184223273673,18.52940585844614,43.623348513768875,95.62184223273673
