,ours,rng,max_qty,unif_ratio,o2o,o2m,gan
0,27.949182990236533,95.62184223273673,95.62184223273673,95.62184223273673,18.52940585844614,65.7439763374711,95.62184223273673
