,ours,rng,max_qty,unif_ratio,o2o,o2m,gan
0,26.18183519252141,92.34186734383428,95.62184223273673,95.62184223273673,18.52940585844614,65.7439763374711,95.62184223273673
