,ours,rng,max_qty,unif_ratio,o2o,o2m,gan
0,95.62184223273673,92.34186734383428,95.62184223273673,95.62184223273673,18.52940585844614,92.6470292922307,95.62184223273673
