,rng,psi-fl,psi-gan
0,81.54584762652276,64.23064345042036,95.56108419621965
