,rng,psi-fl,psi-gan
0,95.62184223273673,65.844917754643,82.69770019362801
