,rng,psi-fl,psi-gan
0,83.31420816938078,97.4798703013983,95.62184223273673
