,ours,rng,max_qty,unif_ratio,o2o,o2m,gan
0,56.052193071471926,95.62184223273673,95.62184223273673,95.62184223273673,18.52940585844614,55.588217575338426,95.62184223273673
