,rng,psi-fl,psi-gan
0,95.62184223273673,96.192625393665,65.844917754643
