,ours,rng,max_qty,unif_ratio,o2o,o2m,gan
0,27.812154500042194,95.62184223273673,95.62184223273673,95.62184223273673,18.52940585844614,37.05881171689228,95.62184223273673
