,rng,psi-fl,psi-gan
0,81.54584762652276,63.519331149469586,64.23064345042036
