,rng,psi-fl,psi-gan
0,83.31420816938078,96.192625393665,38.2691549863334
