,ours,rng,max_qty,unif_ratio,o2o,o2m,gan
0,34.674184749558115,95.62184223273673,95.62184223273673,95.62184223273673,18.52940585844614,78.12218927638568,95.62184223273673
