,rng,psi-fl,psi-gan
0,97.4798703013983,96.46466544562281,95.56108419621965
