,ours,rng,max_qty,unif_ratio,o2o,o2m,gan
0,17.45947310927311,95.62184223273673,95.62184223273673,95.62184223273673,18.52940585844614,37.300875654412614,95.62184223273673
