,rng,psi-fl,psi-gan
0,95.62184223273673,96.96006573229278,96.96006573229278
