,ours,rng,max_qty,unif_ratio,o2o,o2m,gan
0,17.921484869419093,95.62184223273673,95.62184223273673,95.62184223273673,18.52940585844614,51.693705935766566,95.62184223273673
