,ours,rng,max_qty,unif_ratio,o2o,o2m,gan
0,19.502857543486805,95.62184223273673,95.62184223273673,95.62184223273673,18.52940585844614,52.918192418033684,95.62184223273673
