,ours,rng,max_qty,unif_ratio,o2o,o2m
0,21.707073659898168,95.62184223273673,95.62184223273673,95.62184223273673,18.52940585844614,18.52940585844614
