,ours,rng,max_qty,unif_ratio,o2o,o2m,gan
0,21.288867744579143,91.16888951718724,95.62184223273673,95.62184223273673,18.52940585844614,67.38180669708325,95.62184223273673
