,ours,rng,max_qty,unif_ratio,o2o,o2m,gan
0,24.555036143574036,95.62184223273673,95.62184223273673,95.62184223273673,18.52940585844614,75.45216411908095,95.62184223273673
