,ours,rng,max_qty,unif_ratio,o2o,o2m,gan
0,26.94519245107174,95.62184223273673,95.62184223273673,95.62184223273673,18.52940585844614,70.2231117942127,95.62184223273673
