,ours,rng,max_qty,unif_ratio,o2o,o2m,gan
0,23.691529973755955,95.62184223273673,95.62184223273673,95.62184223273673,18.52940585844614,67.38180669708325,95.62184223273673
