,ours,rng,max_qty,unif_ratio,o2o,o2m,source,gan
0,8.26771653543307,8.031496062992126,7.086614173228346,7.952755905511811,6.771653543307087,5.984251968503937,17.59935117599351,7.952755905511811
1,13.555555555555555,9.0,13.11111111111111,13.444444444444445,8.0,5.555555555555555,17.69790718835305,13.444444444444445
2,10.098792535675083,18.002195389681667,7.135016465422613,8.122941822173436,17.12403951701427,7.025246981339188,24.353312302839118,8.122941822173436
3,14.963503649635037,8.51581508515815,6.326034063260341,8.150851581508515,14.476885644768856,8.27250608272506,14.797008547008547,8.150851581508515
4,9.973753280839896,9.973753280839896,13.99825021872266,14.348206474190727,15.048118985126859,21.347331583552055,15.98870056497175,14.348206474190727
