,ours,rng,max_qty,unif_ratio,o2o,o2m,source,gan
0,13.606710158434296,20.689655172413794,17.24137931034483,15.470643056849953,12.115563839701771,12.022367194780989,40.715268225584595,15.470643056849953
1,9.947089947089948,8.465608465608465,13.544973544973544,13.544973544973544,27.08994708994709,17.037037037037038,21.548387096774192,13.544973544973544
2,25.90747330960854,22.206405693950177,19.572953736654803,18.93238434163701,25.765124555160142,13.167259786476869,32.78186274509804,18.93238434163701
3,17.745302713987474,7.933194154488517,14.405010438413361,13.778705636743215,20.772442588726513,17.223382045929018,35.93582887700535,13.778705636743215
4,25.58823529411765,25.294117647058822,22.352941176470587,21.862745098039216,27.54901960784314,10.0,31.48036253776435,21.862745098039216
