,ours,rng,max_qty,unif_ratio,o2o,o2m,gan
0,36.55701753741628,91.16888951718724,95.62184223273673,95.62184223273673,18.52940585844614,55.58821757533842,95.62184223273673
