,ours,rng,max_qty,unif_ratio,o2o,o2m
0,83.02702087224446,95.62184223273673,95.62184223273673,95.62184223273673,18.52940585844614,74.11762343378456
