,ours,rng,max_qty,unif_ratio,o2o,o2m
0,4.248623131392605,25.019669551534225,25.019669551534225,25.098347757671124,0.0,30.44846577498033
1,0.0,2.4526198439241917,0.7803790412486065,1.3377926421404682,0.0,0.0
2,68.64035087719299,6.140350877192983,4.385964912280702,5.482456140350878,25.43859649122807,2.3026315789473686
3,22.53349573690621,0.0,2.8014616321559074,3.41047503045067,0.0,3.2886723507917175
4,21.95975503062117,0.6124234470691163,2.7121609798775155,3.499562554680665,0.0,23.709536307961503
