,ours,rng,max_qty,unif_ratio,o2o,o2m
0,52.1505376344086,5.376344086021505,40.645161290322584,33.11827956989247,53.44086021505376,0.0
1,15.338042381432896,27.850655903128153,29.263370332996974,26.337033299697275,26.841574167507567,23.511604439959637
2,7.776049766718507,1.088646967340591,7.465007776049767,1.5552099533437014,57.69828926905132,1.088646967340591
3,31.736056559308718,27.101335428122546,3.7706205813040063,0.5498821681068342,0.0,0.0
4,28.0,0.0,2.5714285714285716,0.2857142857142857,0.0,0.14285714285714285
