,ours,rng,max_qty,unif_ratio,o2o,o2m
0,16.68219944082013,0.5591798695246971,3.4482758620689653,5.591798695246971,16.868592730661696,2.050326188257223
1,0.0,0.0,0.0,0.0,0.0,0.0
2,0.0,0.0,0.0,0.0,0.0,0.0
3,0.0,37.09508881922675,44.72309299895507,45.55903866248694,57.36677115987461,31.03448275862069
4,15.913555992141454,0.0,3.536345776031434,5.992141453831041,26.719056974459725,0.19646365422396855
