,rng,geq_avg_acc,max_acc
0,95.62184223273673,65.844917754643,38.03307117958575
