,ours,rng,max_qty,unif_ratio,o2o,o2m,gan
0,43.03663624362262,95.62184223273673,95.62184223273673,95.62184223273673,18.52940585844614,55.58821757533841,95.62184223273673
