,ours,rng,max_qty,unif_ratio,o2o,o2m,source,gan
0,26.384615384615383,22.307692307692307,24.307692307692307,23.615384615384617,27.692307692307693,23.384615384615383,43.467790487658036,23.615384615384617
1,27.399813606710158,23.951537744641193,25.44268406337372,25.256290773532154,15.470643056849953,21.24883504193849,43.767313019390585,25.256290773532154
2,31.822660098522167,29.852216748768473,29.852216748768473,29.852216748768473,31.527093596059114,29.950738916256157,34.738109572546655,29.852216748768473
3,24.202898550724637,20.0,25.942028985507246,25.652173913043477,26.52173913043478,26.52173913043478,42.330623306233065,25.652173913043477
4,23.529411764705884,28.256302521008404,29.831932773109244,29.936974789915965,28.361344537815125,30.147058823529413,47.0412432755529,29.936974789915965
