,rng,geq_avg_acc,max_acc
0,95.62184223273673,83.236425849945,37.52987367660755
