,rng,geq_avg_acc,max_acc
0,95.62184223273673,39.56344951180533,39.56344951180533
