,ours,rng,max_qty,unif_ratio,o2o,o2m
0,11.093990755007704,31.432973805855163,33.97534668721109,33.97534668721109,17.02619414483821,0.23112480739599384
1,13.805970149253731,0.0,0.0,0.0,0.0,0.0
2,0.0,0.3937007874015748,0.0,0.0,0.0,9.744094488188976
3,0.0,0.0,0.0,0.0,37.30043541364296,0.0
4,10.283315844700944,10.073452256033578,0.2098635886673662,0.1049317943336831,0.0,9.12906610703043
