,ours,rng,max_qty,unif_ratio,o2o,o2m
0,0.0,25.019669551534225,25.019669551534225,25.334382376081827,0.0,0.0
1,31.884057971014492,5.797101449275362,1.6722408026755853,2.0066889632107023,0.0,0.0
2,69.07894736842105,8.00438596491228,4.714912280701754,5.37280701754386,0.0,0.0
3,25.33495736906212,0.0,2.8014616321559074,3.2886723507917175,14.859926918392205,0.0
4,25.284339457567803,0.26246719160104987,2.7996500437445317,3.3245844269466316,27.034120734908136,14.435695538057743
