,ours,rng,max_qty,unif_ratio,o2o,o2m
0,18.080149114631872,0.65237651444548,4.100652376514446,6.523765144454799,0.0,3.4482758620689653
1,0.0,0.0,0.0,0.0,0.0,0.0
2,0.0,0.0,0.0,0.0,0.0,0.0
3,0.0,36.990595611285265,43.469174503657264,44.09613375130616,0.0,31.03448275862069
4,16.50294695481336,0.0,4.715127701375246,7.072691552062868,15.520628683693516,3.831041257367387
