,rng,geq_avg_acc,max_acc
0,88.91567673237022,84.20753029958634,40.41528757137298
