,rng,geq_avg_acc,max_acc
0,95.62184223273673,66.25228041843587,40.41528757137298
