,ours,rng,max_qty,unif_ratio,o2o,o2m
0,15.254237288135593,30.73959938366718,33.97534668721109,33.97534668721109,16.795069337442218,0.15408320493066255
1,20.05597014925373,0.0,0.0,0.0,0.0,0.0
2,0.0,0.0,0.0,0.0,46.06299212598425,10.62992125984252
3,0.0,0.0,0.0,0.0,0.0,0.0
4,10.073452256033578,9.548793284365162,0.5246589716684156,0.4197271773347324,0.0,5.246589716684155
