,ours,rng,max_qty,unif_ratio,o2o,o2m
0,91.05423362405429,95.62184223273673,95.62184223273673,95.62184223273673,18.52940585844614,92.6470292922307
