,ours,rng,max_qty,unif_ratio,o2o,o2m
0,50.01139925601667,95.62184223273673,95.62184223273673,95.62184223273673,18.52940585844614,55.588217575338426
