,ours,rng,max_qty,unif_ratio,o2o,o2m
0,36.45161290322581,1.3978494623655915,21.93548387096774,12.365591397849462,36.45161290322581,0.0
1,22.300706357214935,26.942482341069628,10.292633703329969,10.595358224016145,27.547931382441977,0.0
2,9.175738724727838,24.57231726283048,51.32192846034214,53.965785381026436,0.0,55.05443234836703
3,31.264728986645718,46.58287509819324,32.67871170463472,33.699921445404556,34.01413982717989,0.0
4,26.285714285714285,0.0,0.7142857142857143,0.0,0.0,0.2857142857142857
