,rng,geq_avg_acc,max_acc
0,73.61472188130611,63.03097401836671,37.52987367660755
