,ours,rng,max_qty,unif_ratio,o2o,o2m
0,0.0,15.690168818272095,14.796425024826217,15.888778550148958,0.0,1.7874875868917577
1,0.0,0.0,27.977839335180054,31.85595567867036,20.775623268698062,2.770083102493075
2,0.0,37.76978417266187,13.069544364508394,16.546762589928058,31.05515587529976,8.393285371702637
3,0.0,0.0,12.01793721973094,14.887892376681615,0.0,0.8968609865470852
4,0.0,0.43057050592034446,19.806243272335845,20.021528525296016,16.469321851453177,23.358449946178688
