,ours,rng,max_qty,unif_ratio,o2o,o2m,gan
0,64.21410409115114,95.62184223273673,95.62184223273673,95.62184223273673,18.52940585844614,74.11762343378456,95.62184223273673
