,ours,rng,max_qty,unif_ratio,o2o,o2m
0,0.0,20.456802383316784,11.717974180734856,10.526315789473685,0.0,0.0
1,39.24284395198523,0.0,37.765466297322256,47.091412742382275,21.329639889196677,5.2631578947368425
2,2.038369304556355,38.00959232613909,27.697841726618705,32.49400479616307,0.0,21.34292565947242
3,0.0,0.0,21.16591928251121,21.255605381165918,40.44843049327354,0.0
4,14.96232508073197,0.0,3.982777179763186,0.8611410118406889,0.0,0.21528525296017223
