,ours,rng,max_qty,unif_ratio,o2o,o2m,gan
0,4.41334768568353,3.982777179763186,10.656620021528525,9.580193756727665,0.0,8.288482238966631,9.580193756727665
1,3.8422649140546006,18.301314459049546,8.088978766430738,6.976744186046512,6.268958543983822,7.482305358948433,6.976744186046512
2,4.658385093167702,0.0,3.4161490683229814,1.5527950310559007,9.627329192546584,1.5527950310559007,1.5527950310559007
3,7.462686567164179,15.868028279654359,16.417910447761194,16.025137470542028,27.808326787117046,16.967792615868028,16.025137470542028
4,15.285714285714286,9.428571428571429,10.428571428571429,9.428571428571429,8.0,17.857142857142858,9.428571428571429
