,rng,geq_avg_acc,max_acc
0,95.62184223273673,63.639634118654016,38.2691549863334
