,rng,geq_avg_acc,max_acc
0,95.62184223273673,82.12711093429502,38.2691549863334
