,rng,geq_avg_acc,max_acc
0,83.11803699768087,59.362259436662875,37.52987367660755
