,ours,rng,max_qty,unif_ratio,o2o,o2m,gan
0,2.8741328047571852,1.9821605550049555,3.1714568880079286,3.468780971258672,22.993062438057482,2.67591674925669,3.468780971258672
1,16.420664206642066,16.328413284132843,14.29889298892989,14.29889298892989,24.169741697416974,16.69741697416974,14.29889298892989
2,20.38369304556355,24.100719424460433,21.822541966426858,22.54196642685851,28.53717026378897,24.940047961630697,22.54196642685851
3,18.295964125560538,22.51121076233184,19.282511210762333,19.55156950672646,19.282511210762333,23.228699551569505,19.55156950672646
4,15.574650912996777,18.15252416756176,18.045112781954888,18.259935553168635,21.58968850698174,22.019334049409238,18.259935553168635
