,rng,geq_avg_acc,max_acc
0,96.96006573229278,81.54584762652276,37.52987367660755
