,rng,geq_avg_acc,max_acc
0,95.62184223273673,63.681286085958355,37.52987367660755
