,rng,geq_avg_acc,max_acc
0,4.048582995951417,0.1349527665317139,0.0
1,21.057884231536928,25.817361894024803,79.14317925591882
2,32.73013375295043,0.0,38.28960155490768
3,12.37458193979933,47.83634933123525,0.0
4,55.37280701754386,0.0,57.74980330448466
5,14.859926918392205,1.5350877192982457,0.0
6,38.9326334208224,51.52253349573691,0.0
7,,67.54155730533684,0.0
8,,,30.79615048118985
