,ours,rng,max_qty,unif_ratio,o2o,o2m
0,0.0,0.0,0.0,0.0,13.978494623655914,0.0
1,58.72855701311806,1.1099899091826437,15.338042381432896,12.31079717457114,13.824419778002019,13.72351160443996
2,1.244167962674961,23.79471228615863,45.41213063763608,52.56609642301711,7.9315707620528775,40.1244167962675
3,6.755695208169678,3.4564021995286724,28.201099764336213,32.12882953652789,0.0,35.82089552238806
4,0.0,2.0,0.0,0.0,0.0,7.0
