,ours,rng,max_qty,unif_ratio,o2o,o2m,gan
0,28.548895899053626,29.574132492113566,35.33123028391167,37.53943217665615,25.946372239747635,42.66561514195583,37.53943217665615
1,38.77777777777778,38.111111111111114,38.0,35.666666666666664,40.111111111111114,8.11111111111111,35.666666666666664
2,21.600877192982455,16.885964912280702,11.513157894736842,11.074561403508772,29.05701754385965,11.513157894736842,11.074561403508772
3,7.1863580998781975,8.038976857490864,7.1863580998781975,7.064555420219245,37.27161997563947,6.211936662606577,7.064555420219245
4,7.8671328671328675,17.045454545454547,15.734265734265735,14.597902097902098,7.77972027972028,19.842657342657343,14.597902097902098
