,rng,psi-fl,psi-gan
0,81.54584762652276,95.62184223273673,96.46466544562281
