,rng,geq_avg_acc,max_acc
0,0.0,15.555555555555555,0.0
1,0.0,0.0,0.0
2,0.0,0.96051227321238,48.0
3,0.0,0.0,30.94983991462113
4,12.303149606299213,0.0,33.97534668721109
5,6.095791001451379,24.70472440944882,0.0
6,1.0493179433368311,0.29027576197387517,0.0
7,,0.0,0.7256894049346879
8,,,0.3147953830010493
