,rng,geq_avg_acc,max_acc
0,83.11803699768087,63.519331149469586,39.56344951180533
