,rng,psi-fl,psi-gan
0,83.31420816938078,81.83821263883418,96.46466544562281
