,rng,geq_avg_acc,max_acc
0,88.91567673237022,83.62900568317552,40.41528757137298
