,rng,geq_avg_acc,max_acc
0,0.0,34.90813648293963,0.0
1,8.072653884964682,9.352517985611511,16.30695443645084
2,3.1104199066874028,0.0,16.463414634146343
3,33.62136684996072,7.164480322906155,22.011173184357542
4,0.0,54.58786936236392,0.0
5,,33.62136684996072,13.824419778002019
6,,0.0,32.19284603421462
7,,,17.75333857030636
8,,,0.0
