,ours,rng,max_qty,unif_ratio,o2o,o2m
0,41.00652376514446,29.636533084808946,15.750232991612302,30.38210624417521,0.0,35.60111835973905
1,11.016949152542374,2.860169491525424,1.9067796610169492,4.13135593220339,9.110169491525424,0.0
2,15.302491103202847,31.459074733096084,22.06405693950178,25.19572953736655,14.804270462633452,27.615658362989326
3,10.031347962382446,2.5078369905956115,2.5078369905956115,3.8662486938349008,17.34587251828631,3.239289446185998
4,36.971484759095375,0.0,11.897738446411013,21.337266470009833,12.88102261553589,27.728613569321535
