,ours,rng,max_qty,unif_ratio,o2o,o2m
0,58.37922895357986,46.49881982690795,44.138473642800946,43.98111723052715,42.32887490165224,5.192761605035405
1,0.0,10.479375696767,0.0,0.0,0.0,0.0
2,0.43859649122807015,0.0,0.0,0.0,39.14473684210526,0.0
3,0.0,0.0,0.1218026796589525,0.1218026796589525,30.085261875761265,1.3398294762484775
4,39.807524059492565,39.020122484689416,39.28258967629046,39.10761154855643,12.68591426071741,12.248468941382328
