,rng,geq_avg_acc,max_acc
0,73.61472188130611,63.681286085958355,38.2691549863334
