,rng,psi-fl,psi-gan
0,83.31420816938078,64.23064345042036,81.54584762652276
