,rng,geq_avg_acc,max_acc
0,97.4798703013983,92.95957582810306,37.52987367660755
