,rng,geq_avg_acc,max_acc
0,39.52333664349553,0.0,0.0
1,13.942751615881809,0.0,0.0
2,31.17505995203837,13.630731102850062,40.246212121212125
3,25.739910313901344,16.48460774577954,14.869888475836431
4,5.27448869752422,6.925207756232687,16.48460774577954
5,,35.97122302158273,26.0387811634349
6,,47.26457399103139,35.4916067146283
7,,0.0,38.29596412556054
8,,,21.52852529601722
