,rng,geq_avg_acc,max_acc
0,14.411441144114411,0.0,0.0
1,17.99043062200957,54.066985645933016,0.0
2,11.649580615097857,10.555555555555555,17.99043062200957
3,0.0,0.0,0.0
4,0.0,0.0,0.0
5,48.69383490073145,0.0,0.0
6,0.4911591355599214,0.0,0.0
7,,0.0,0.0
8,,,0.0
