,rng,psi-fl,psi-gan
0,97.4798703013983,83.11803699768087,95.62184223273673
