,rng,geq_avg_acc,max_acc
0,83.11803699768087,66.25228041843587,39.56344951180533
