,rng,psi-fl,psi-gan
0,95.62184223273673,82.69770019362801,81.54584762652276
