,ours,rng,max_qty,unif_ratio,o2o,o2m
0,38.71495369680941,95.62184223273673,95.62184223273673,95.62184223273673,18.52940585844614,55.58821757533841
