,rng,geq_avg_acc,max_acc
0,87.40035776581371,40.41528757137298,40.41528757137298
