,rng,geq_avg_acc,max_acc
0,96.96006573229278,84.20753029958634,40.41528757137298
