,rng,geq_avg_acc,max_acc
0,83.11803699768087,65.844917754643,38.03307117958575
