,rng,geq_avg_acc,max_acc
0,95.62184223273673,64.64217717990837,37.52987367660755
