,rng,geq_avg_acc,max_acc
0,83.11803699768087,60.0631055416075,40.41528757137298
