,rng,geq_avg_acc,max_acc
0,88.91567673237022,82.69770019362801,40.41528757137298
