,ours,rng,max_qty,unif_ratio,o2o,o2m,gan
0,30.94688221709007,0.07698229407236336,0.3849114703618168,0.23094688221709006,15.396458814472672,7.467282525019246,0.23094688221709006
1,36.439888164026094,32.618825722273996,19.105312208760484,20.50326188257223,16.96178937558248,17.986952469711092,20.50326188257223
2,20.76771653543307,28.937007874015748,26.673228346456693,26.37795275590551,14.960629921259843,45.07874015748032,26.37795275590551
3,29.172714078374455,29.46298984034833,19.013062409288825,19.738751814223512,36.574746008708274,0.0,19.738751814223512
4,17.29559748427673,21.38364779874214,17.19077568134172,16.87631027253669,17.29559748427673,20.964360587002098,16.87631027253669
