,ours,rng,max_qty,unif_ratio,o2o,o2m
0,37.750385208012325,2.6964560862865947,0.0,0.0,33.97534668721109,0.0
1,22.294776119402986,0.0,0.0,0.0,0.0,0.0
2,17.224409448818896,0.0,2.0669291338582676,1.279527559055118,9.448818897637794,10.433070866141732
3,11.756168359941945,4.354136429608127,0.0,0.0,5.660377358490566,1.8867924528301887
4,18.99265477439664,0.0,0.0,0.0,20.041972717733472,0.0
