,rng,psi-fl,psi-gan
0,95.62184223273673,83.11803699768087,95.62184223273673
