,ours,rng,max_qty,unif_ratio,o2o,o2m,gan
0,10.335195530726256,3.631284916201117,8.286778398510242,12.66294227188082,0.0,11.824953445065177,12.66294227188082
1,0.0,4.973544973544974,15.026455026455027,23.174603174603174,24.761904761904763,17.98941798941799,23.174603174603174
2,15.302491103202847,23.98576512455516,26.97508896797153,29.03914590747331,46.33451957295374,43.345195729537366,29.03914590747331
3,13.688610240334379,24.346917450365726,21.525600835945664,29.989550679205852,13.688610240334379,19.958202716823408,29.989550679205852
4,9.82318271119843,5.599214145383104,6.286836935166994,5.1080550098231825,5.599214145383104,10.019646365422396,5.1080550098231825
