,rng,geq_avg_acc,max_acc
0,83.11803699768087,58.87390230556,37.52987367660755
