,ours,rng,max_qty,unif_ratio,o2o,o2m
0,65.24329692154916,17.97418073485601,69.81132075471699,70.2085402184707,37.43793445878848,66.83217477656405
1,18.467220683287167,13.573407202216066,15.789473684210526,14.404432132963988,26.0387811634349,14.773776546629731
2,8.992805755395683,3.597122302158273,13.42925659472422,11.870503597122303,15.587529976019185,8.872901678657074
3,22.152466367713004,10.762331838565023,36.143497757847534,35.336322869955154,17.48878923766816,31.748878923766817
4,0.10764262648008611,0.0,0.0,0.0,39.82777179763186,1.5069967707212055
