,rng,psi-fl,psi-gan
0,97.4798703013983,95.62184223273673,96.192625393665
