,rng,psi-fl,psi-gan
0,81.54584762652276,95.56108419621965,95.62184223273673
